directory name	chrom	start	end	ref	alt	gene	transcript	json coverage	bed coverage	json vs bed coverage
TWAO-102552878-W23-5092-BM-lib1	chr4	105276190	105276191	C	T	TET2	ENST00000380013	4285	4288	-3
TWAO-102552878-W23-5092-BM-lib1	chr5	171410538	171410539	C	CTCTG	NPM1	ENST00000296930	2290	2279	11
TWAO-102552878-W23-5092-BM-lib1	chr7	148809350	148809351	C	T	EZH2	ENST00000320356	3360	3371	-11
TWAO-102552878-W23-5092-BM-lib1	chr18	44951259	44951260	C	G	SETBP1	ENST00000649279	6271	6277	-6
TWAO-102552878-W23-5092-BM-lib1	chrX	15321587	15321588	G	C	PIGA	ENST00000333590	2370	2371	-1
TWAO-201723434-W23-5114-BM-lib1	chrX	130016138	130016139	A	G	BCORL1	ENST00000540052	3511	3512	-1
TWAO-200054718-W23-5200-BM-lib1	chr17	31182510	31182511	G	A	NF1	ENST00000358273	2023	2024	-1
TWAO-MS-Positive-Control-W22-6944-BM-lib16	chr4	105237351	105237352	G	GT	TET2	ENST00000380013	3567	3567	0
TWAO-MS-Positive-Control-W22-6944-BM-lib16	chr4	105275469	105275470	C	T	TET2	ENST00000380013	3624	3624	0
TWAO-MS-Positive-Control-W22-6944-BM-lib16	chr7	102158608	102158609	G	A	CUX1	ENST00000292535	6597	6598	-1
TWAO-MS-Positive-Control-W22-6944-BM-lib16	chr17	31258425	31258426	T	A	NF1	ENST00000358273	3104	3105	-1
TWAO-MS-Positive-Control-W22-6944-BM-lib16	chr17	76736876	76736877	G	T	SRSF2	ENST00000359995	4629	4629	0
TWAO-MS-Positive-Control-W22-6944-BM-lib16	chr20	32434638	32434640	AGG	A	ASXL1	ENST00000375687	5202	5040	162
TWAO-105163199-W23-5089-BM-lib1	chr2	25246762	25246763	C	T	DNMT3A	ENST00000321117	7613	7623	-10
TWAO-105163199-W23-5089-BM-lib1	chr4	105242921	105242922	A	G	TET2	ENST00000380013	4018	4020	-2
TWAO-105163199-W23-5089-BM-lib1	chr4	105275615	105275622	AGGGAGAT	A	TET2	ENST00000380013	4179	3529	650
TWAO-105163199-W23-5089-BM-lib1	chr17	7675184	7675185	C	T	TP53	ENST00000269305	8247	8247	0
TWAO-104533120-W23-5281-BM-lib1	chr1	114716126	114716127	C	T	NRAS	ENST00000369535	5664	7442	-2
TWAO-104533120-W23-5281-BM-lib1	chr3	128483915	128483916	G	A	GATA2	ENST00000341105	3628	3628	0
TWAO-104533120-W23-5281-BM-lib1	chr19	33301474	33301475	C	CCTT	CEBPA	ENST00000498907	4088	4086	2
TWAO-104533120-W23-5281-BM-lib1	chr19	33302167	33302168	TG	T	CEBPA	ENST00000498907	1056	583	473
TWAO-108032713-W23-5115-BM2-lib1	chr1	36466622	36466623	G	A	CSF3R	ENST00000373106	8554	8763	-4
TWAO-108032713-W23-5115-BM2-lib1	chr2	25244544	25244545	G	C	DNMT3A	ENST00000321117	5672	5672	0
TWAO-108032713-W23-5115-BM2-lib1	chr20	32434637	32434638	A	AG	ASXL1	ENST00000375687	5335	5324	11
TWAO-108032713-W23-5115-BM2-lib1	chr21	34880627	34880642	ATTTCTCAGCTCAGCC	A	RUNX1	ENST00000675419	7137	4596	2541
TWAO-108032713-W23-5115-BM2-lib1	chrX	134415076	134415078	ATATTAAAACTGTACTT	TA	PHF6	ENST00000370803	1017	521	496
TWAO-108783743-W23-5282-BM-lib1	chr1	114716122	114716123	C	T	NRAS	ENST00000369535	6353	6353	0
TWAO-108783743-W23-5282-BM-lib1	chr4	54733154	54733155	A	T	KIT	ENST00000288135	2356	2356	0
TWAO-108783743-W23-5282-BM-lib1	chr7	148828810	148828813	GTCA	G	EZH2	ENST00000320356	693	78	615
TWAO-108783743-W23-5282-BM-lib1	chr12	25245349	25245350	C	A	KRAS	ENST00000311936	1990	1991	-1
TWAO-108783743-W23-5282-BM-lib1	chr12	112489083	112489084	G	C	PTPN11	ENST00000351677	5102	5103	-1
TWAO-108783743-W23-5282-BM-lib1	chr17	7674946	7674947	A	G	TP53	ENST00000269305	3661	3664	-3
TWAO-108783743-W23-5282-BM-lib1	chr21	43094666	43094667	T	G	U2AF1	ENST00000291552	6047	7711	-3
TWAO-106444776-W23-5197-PB-lib1	chr1	36467596	36467597	G	T	CSF3R	ENST00000373106	3499	3501	-2
TWAO-106444776-W23-5197-PB-lib1	chr4	105234924	105234925	GT	G	TET2	ENST00000380013	9563	9389	174
TWAO-106444776-W23-5197-PB-lib1	chr4	105269643	105269644	T	G	TET2	ENST00000380013	3674	3674	0
TWAO-106444776-W23-5197-PB-lib1	chr4	105269720	105269721	C	G	TET2	ENST00000380013	3418	3418	0
TWAO-106444776-W23-5197-PB-lib1	chr10	110584232	110584233	G	A	SMC3	ENST00000361804	2550	2550	0
TWAO-106444776-W23-5197-PB-lib1	chr19	33302118	33302119	GC	G	CEBPA	ENST00000498907	1960	1515	445
TWAO-106444776-W23-5197-PB-lib1	chrX	15815675	15815676	G	A	ZRSR2	ENST00000307771	2378	2378	0
TWAO-202153377-W23-5261-BM-lib1	chr4	105235634	105235639	GATTGA	G	TET2	ENST00000380013	4858	4783	75
TWAO-202153377-W23-5261-BM-lib1	chr13	28034116	28034117	A	AGATCATATTCATATTCTCTGAAAGGGG	FLT3	ENST00000241453	6759	6756	3
TWAO-201682401-W23-5060-BM-lib1	chr4	105243756	105243757	G	A	TET2	ENST00000380013	3880	3882	-2
TWAO-201682401-W23-5060-BM-lib1	chr9	5073769	5073770	G	T	JAK2	ENST00000381652	2831	3033	0
TWAO-202143635-W23-5271-BM-lib1	chr4	105269726	105269727	A	AT	TET2	ENST00000380013	975	975	0
TWAO-202143635-W23-5271-BM-lib1	chr17	60663269	60663270	AT	A	PPM1D	ENST00000305921	1692	1725	-33
TWAO-202143635-W23-5271-BM-lib1	chr21	43104345	43104346	G	A	U2AF1	ENST00000291552	1742	1751	-9
TWAO-202143635-W23-5271-BM-lib1	chr22	28695808	28695809	G	A	CHEK2	ENST00000404276	1996	2000	-4
TWAO-103144074-W23-5051-BM-lib1	chr2	197402759	197402760	G	C	SF3B1	ENST00000335508	1692	1694	-2
TWAO-103144074-W23-5051-BM-lib1	chr19	12943750	12943802	AGCAGAGGCTTAAGGAGGAGGAAGAAGACAAGAAACGCAAAGAGGAGGAGGAG	A	CALR	ENST00000316448	2005	966	1039
TWAO-103636692-W23-5198-BM-lib1	chr17	7674219	7674220	C	T	TP53	ENST00000269305	3848	3852	-4
TWAO-201791635-W23-5078-BM-lib1	chr5	177515943	177515944	T	TCATC	DDX41	ENST00000330503	6468	6468	0
TWAO-105982473-W23-5162-BM-lib1	chr5	177513382	177513384	GC	AT	DDX41	ENST00000330503	2877	2877	0
TWAO-105982473-W23-5162-BM-lib1	chr17	7674249	7674250	C	A	TP53	ENST00000269305	6085	6086	-1
TWAO-201796057-W23-5143-BM2-lib1	chr4	105242837	105242838	G	A	TET2	ENST00000380013	1994	1994	0
TWAO-201796057-W23-5143-BM2-lib1	chr4	105272572	105272573	C	CT	TET2	ENST00000380013	7301	7301	0
TWAO-201796057-W23-5143-BM2-lib1	chr4	105276207	105276208	G	T	TET2	ENST00000380013	5875	5876	-1
TWAO-201796057-W23-5143-BM2-lib1	chr7	102248965	102248966	GC	G	CUX1	ENST00000292535	4019	2395	1624
TWAO-201796057-W23-5143-BM2-lib1	chrX	15815794	15815795	G	T	ZRSR2	ENST00000307771	1229	1230	-1
TWAO-201796057-W23-5143-BM2-lib1	chrX	15820261	15820262	C	T	ZRSR2	ENST00000307771	1940	1941	-1
TWAO-201796057-W23-5143-BM2-lib1	chrX	134413821	134413822	G	A	PHF6	ENST00000370803	2794	2794	0
TWAO-103212136-W23-5185-BM-lib1	chr1	36466613	36466614	A	AGCCCCGCTATTC	CSF3R	ENST00000373106	8800	8795	5
TWAO-103212136-W23-5185-BM-lib1	chr20	32435396	32435397	CT	C	ASXL1	ENST00000375687	1954	1376	578
TWAO-103212136-W23-5185-BM-lib1	chr21	34859494	34859495	C	T	RUNX1	ENST00000675419	6415	6417	-2
TWAO-103212136-W23-5185-BM-lib1	chr21	34880567	34880568	C	T	RUNX1	ENST00000675419	5706	5709	-3
TWAO-202138202-W23-5245-BM-lib1	chr7	102104412	102104413	C	T	CUX1	ENST00000292535	3444	3444	0
TWAO-201516155-W23-5090-BM-lib1	chr2	25237001	25237005	ACGGC	A	DNMT3A	ENST00000321117	6347	5452	895
TWAO-201516155-W23-5090-BM-lib1	chr9	136496504	136496505	G	C	NOTCH1	ENST00000651671	6320	6325	-5
TWAO-201516155-W23-5090-BM-lib1	chr17	60663447	60663448	C	T	PPM1D	ENST00000305921	7858	7860	-2
TWAO-201516155-W23-5090-BM-lib1	chr21	34886911	34886912	G	GCTGT	RUNX1	ENST00000675419	5900	5899	1
TWAO-103562837-W23-5141-BM2-lib1	chr1	36471479	36471480	G	A	CSF3R	ENST00000373106	2838	2839	-1
TWAO-103562837-W23-5141-BM2-lib1	chr20	32434743	32434744	A	AG	ASXL1	ENST00000375687	2236	6423	-4187
TWAO-105188778-W23-5079-BM-lib1	chr5	177512179	177512180	C	G	DDX41	ENST00000330503	4127	4128	-1
TWAO-105188778-W23-5079-BM-lib1	chr7	101916192	101916193	C	T	CUX1	ENST00000292535	6248	6248	0
TWAO-105188778-W23-5079-BM-lib1	chr7	102200154	102200155	T	TC	CUX1	ENST00000292535	1601	1601	0
TWAO-200249928-W23-5250-BM-lib1	chr5	177512353	177512354	C	T	DDX41	ENST00000330503	5058	5059	-1
TWAO-200249928-W23-5250-BM-lib1	chr5	177513820	177513821	G	A	DDX41	ENST00000330503	3701	3704	-3
TWAO-107196322-W23-5284-BM-lib1	chr2	197402634	197402635	C	A	SF3B1	ENST00000335508	2390	2392	-2
TWAO-107196322-W23-5284-BM-lib1	chr11	32396396	32396397	C	CGTAA	WT1	ENST00000452863	7988	7556	432
TWAO-107196322-W23-5284-BM-lib1	chr13	28034124	28034125	T	TTCATATTCTCTGAATACGCCCCCC	FLT3	ENST00000241453	6043	6043	0
TWAO-107196322-W23-5284-BM-lib1	chr21	34792514	34792515	A	AAGGG	RUNX1	ENST00000675419	6080	6080	0
TWAO-201938262-W23-5253-BM-lib1	chr4	105276112	105276113	A	G	TET2	ENST00000380013	7962	7967	-5
TWAO-201280541-W23-5184-BM-lib1	chr2	25240348	25240349	C	T	DNMT3A	ENST00000321117	5539	5540	-1
TWAO-201280541-W23-5184-BM-lib1	chr2	197402109	197402110	T	C	SF3B1	ENST00000335508	3594	3596	-2
TWAO-201280541-W23-5184-BM-lib1	chr17	31227541	31227542	C	G	NF1	ENST00000358273	6301	6301	0
TWAO-101484893-W23-5251-BM-lib1	chr4	105259676	105259677	G	A	TET2	ENST00000380013	7508	7514	-6
TWAO-101484893-W23-5251-BM-lib1	chr20	32434788	32434789	C	T	ASXL1	ENST00000375687	4807	4810	-3
TWAO-202035007-W23-5244-BM-lib1	chr3	128481274	128481275	C	T	GATA2	ENST00000341105	5882	5884	-2
TWAO-202035007-W23-5244-BM-lib1	chr3	128481883	128481884	A	G	GATA2	ENST00000341105	6495	6573	-78
TWAO-202035007-W23-5244-BM-lib1	chr11	32396377	32396378	C	CG	WT1	ENST00000452863	7415	7415	0
TWAO-202035007-W23-5244-BM-lib1	chr11	32434950	32434951	CG	C	WT1	ENST00000452863	2133	5189	-3056
TWAO-201805813-W23-5093-BM-lib1	chr17	76737108	76737109	C	G	SRSF2	ENST00000359995	5531	5551	-20
TWAO-105574860-W23-5249-BM-lib1	chr2	197402636	197402637	T	C	SF3B1	ENST00000335508	3014	3015	-1
TWAO-105574860-W23-5249-BM-lib1	chr9	136496268	136496269	G	C	NOTCH1	ENST00000651671	4262	4262	0
TWAO-105574860-W23-5249-BM-lib1	chr17	7674889	7674890	T	C	TP53	ENST00000269305	4668	4669	-1
